{"start_price":0.4934,"orders":[{"id":"2ccf9117-03b6-46b7-9e16-84d1a9ef3a9c","buy_price":0.494,"amount":4.941,"sell_price":0.49429764,"sold_price":0,"status":"bought","profit":0,"buy_fee":0.002440854,"sell_fee":0},{"id":"a010b322-5b73-4e6d-a5c1-04f07d21384a","buy_price":0.4934,"amount":4.934,"sell_price":0.49359736,"sold_price":0,"status":"bought","profit":0,"buy_fee":0.0024344356,"sell_fee":0}],"profits":-0.002433942,"matic_balance":9.87509521,"usdt_balance":16.61944233,"initial_matic_balance":0.00009521,"initial_usdt_balance":21.49522513,"percent":"+0.000","fees":0.0097426804}